Odometry;2022:06:01 13:13:15.072284;Position;0.002071851658535828;-1.6403605281169979e-06;5.758675091457198e-72;DeltaPosition;-1.5589481559968707e-40;2.0967686814993068e-89;1.1186273851313023e-74;Orientation;8.510781341436401e-20;7.953570527406667e-25;6.489973029856715;AngularVelocity;5.545043427922429e-20;5.1809802217825395e-25;-0.0004747521166995493
GPS;2022:06:01 13:13:15.085426;51.987237611666664;5.664366845;4;174038.78543829996;444352.14728491224
Odometry;2022:06:01 13:13:15.092294;Position;0.002071851658535828;-1.6403605281169979e-06;4.806840128198832e-68;DeltaPosition;-1.9014850272460032e-40;2.5552824245360244e-89;1.1185968328012711e-74;Orientation;1.4868411373616013e-19;2.1979233023698535e-24;6.489428706200001;AngularVelocity;5.545043427922429e-20;5.1809802217825395e-25;-0.0004747521166995493
IMU;2022:06:01 13:13:15.093473;Orientation;0.8882869199905189;-1.4637814255211252;38.78001752986843;AngularVelocity;1.1738812702813575e-08;-0.0010652651995557505;0.0010652651996060564;LinearAcceleration;0.24613825757355332;0.14730578823658266;9.231647305942
Odometry;2022:06:01 13:13:15.110706;Position;0.002071851658535828;-1.6403605281169979e-06;2.5364567345378828e-74;DeltaPosition;-4.921824628328203e-41;6.35095687883876e-90;-1.3543172548437948e-76;Orientation;-2.030233543488378e-23;-1.9174909507164167e-28;6.491692571050993;AngularVelocity;-6.172210044983346e-23;-5.766965421932382e-28;0.0011444289172297696
Odometry;2022:06:01 13:13:15.132273;Position;0.002071851658535828;-1.6403605281169979e-06;-4.778467734459692e-72;DeltaPosition;-8.389307712400818e-41;1.098720993012009e-89;-1.3541555082293795e-76;Orientation;-9.657259199237244e-23;-4.0327276350807163e-28;6.493106746629714;AngularVelocity;-6.172210044983346e-23;-5.766965421932382e-28;0.0011444289172297696
IMU;2022:06:01 13:13:15.144367;Orientation;0.946236245000277;-1.4697076036998054;38.78163912195351;AngularVelocity;3.91293756759263e-09;2.874604448434849e-14;0.0010652651996060564;LinearAcceleration;0.235359673429087;0.15628765905292447;9.183144815533378
Odometry;2022:06:01 13:13:15.144367;Position;0.002071851658535828;-1.6403605281169979e-06;-1.79834092617086e-72;DeltaPosition;-1.0333741620830796e-40;1.3586937428092345e-89;1.3964240936243068e-74;Orientation;1.2266079942201738e-23;1.138442510167739e-28;6.493376242796274;AngularVelocity;5.558673730400672e-20;5.193715616821039e-25;0.0005893491800129625
Odometry;2022:06:01 13:13:15.172271;Position;0.002071851658535828;-1.6403605281169979e-06;5.175198320092347e-72;DeltaPosition;-1.4820053488015828e-40;1.9585429525454952e-89;1.3963604999635871e-74;Orientation;8.888341672716987e-20;8.302747364325105e-25;6.494318484458604;AngularVelocity;5.558673730400672e-20;5.193715616821039e-25;0.0005893491800129625
GPS;2022:06:01 13:13:15.180479;51.987237631666666;5.664366801666667;4;174038.7824531855;444352.1494986847
Odometry;2022:06:01 13:13:15.172271;Position;0.002071851658535828;-1.6403605281169979e-06;5.175198320092347e-72;DeltaPosition;-1.4820053488015828e-40;1.9585429525454952e-89;1.3963604999635871e-74;Orientation;8.888341672716987e-20;8.302747364325105e-25;6.494318484458604;AngularVelocity;5.558673730400672e-20;5.193715616821039e-25;0.0005893491800129625
IMU;2022:06:01 13:13:15.196214;Orientation;0.9306712160326484;-1.4147351204521574;38.785060529629035;AngularVelocity;-0.0010652534607646074;-0.0010652730254308857;0.0010652691125436241;LinearAcceleration;0.21559952199844076;0.14730556388650395;9.202905178116845
Odometry;2022:06:01 13:13:15.209420;Position;0.002071851658535828;-1.6403605281169979e-06;-3.9739278302158185e-74;DeltaPosition;-4.621811769907196e-41;6.479686794850562e-90;1.9713034430209887e-76;Orientation;4.867165469758516e-23;4.522202993003826e-28;6.495957451578036;AngularVelocity;1.9179147239537562e-22;1.7919937023519226e-27;0.0008391361690671503
Odometry;2022:06:01 13:13:15.232278;Position;0.002071851658535828;-1.6403605281169979e-06;1.1412424156008978e-71;DeltaPosition;-8.0739293646749e-41;1.1105287076527006e-89;1.9711982194250256e-76;Orientation;2.998509330945125e-22;1.8655447657051276e-27;6.497056424409222;AngularVelocity;1.9179147239537562e-22;1.7919937023519226e-27;0.0008391361690671503
IMU;2022:06:01 13:13:15.245115;Orientation;0.9277134910393501;-1.470587951564227;38.78819202983847;AngularVelocity;0.0010652691125148778;7.825903881212635e-09;0.0010652612866684887;LinearAcceleration;0.24613822458100873;0.14730578823634027;9.22266535594206
Odometry;2022:06:01 13:13:15.245115;Position;0.002071851658535828;-1.6403605281169979e-06;1.264859252212976e-72;DeltaPosition;-1.0012684868420284e-40;1.3702754944143947e-89;-1.041825494844935e-74;Orientation;-9.523704399516413e-24;-9.10029735360008e-29;6.498210076251314;AngularVelocity;-4.370407069350661e-20;-4.0834653246251986e-25;0.001439411921765926
Odometry;2022:06:01 13:13:15.272288;Position;0.002071851658535828;-1.6403605281169979e-06;-3.9424413650519427e-72;DeltaPosition;-1.411657545825318e-40;1.9201679714993633e-89;-1.041776455315106e-74;Orientation;-6.80530163592723e-20;-6.354790531100663e-25;6.50045111725669;AngularVelocity;-4.370407069350661e-20;-4.0834653246251986e-25;0.001439411921765926
GPS;2022:06:01 13:13:15.286016;51.987237631666666;5.664366801666667;4;174038.7824531855;444352.1494986847
IMU;2022:06:01 13:13:15.298003;Orientation;0.8792184977747686;-1.5144146715371398;38.795773174835674;AngularVelocity;-0.00106524954782704;-0.0010652730254021399;0.0021305343121496806;LinearAcceleration;0.2551203197479019;0.12754556422196267;9.222665322949515
Odometry;2022:06:01 13:13:15.272288;Position;0.002071851658535828;-1.6403605281169979e-06;-3.9424413650519427e-72;DeltaPosition;-1.411657545825318e-40;1.9201679714993633e-89;-1.041776455315106e-74;Orientation;-6.80530163592723e-20;-6.354790531100663e-25;6.50045111725669;AngularVelocity;-4.370407069350661e-20;-4.0834653246251986e-25;0.001439411921765926
Odometry;2022:06:01 13:13:15.308428;Position;0.002071851658535828;-1.6403605281169979e-06;1.7488636668033804e-73;DeltaPosition;-4.343074780526002e-41;6.5063393642238954e-90;-5.564854415182667e-76;Orientation;-1.3321775802106984e-22;-1.2366700881485165e-27;6.505182577717912;AngularVelocity;-6.6520241612149215e-22;-6.215283992121946e-27;0.002713223619257219
IMU;2022:06:01 13:13:15.345976;Orientation;0.8383753646352247;-1.4748721647038254;38.796638847277436;AngularVelocity;-0.0021305225732794852;-0.001065280851334767;7.825875135421798e-09;LinearAcceleration;0.22637796757421988;0.1275453530688533;9.192126798525864
Odometry;2022:06:01 13:13:15.332291;Position;0.002071851658535828;-1.6403605281169979e-06;-3.0912038454714985e-71;DeltaPosition;-7.727989548758594e-41;1.10526705222585e-89;-5.564742552465391e-76;Orientation;-1.0427272482939286e-21;-1.109239354303305e-27;6.508892279563431;AngularVelocity;-6.6520241612149215e-22;-6.215283992121946e-27;0.002713223619257219
Odometry;2022:06:01 13:13:15.345976;Position;0.002071851658535828;-1.6403605281169979e-06;8.407565871702249e-73;DeltaPosition;-9.669115913700289e-41;1.3660310045839746e-89;-7.326068165399991e-75;Orientation;-2.990542189948369e-24;-1.8985325782467338e-29;6.508777946477915;AngularVelocity;-1.0975661427526554e-20;-1.0255047810073904e-25;9.395591021666137e-05
GPS;2022:06:01 13:13:15.378628;51.987237631666666;5.664366801666667;4;174038.7824531855;444352.1494986847
IMU;2022:06:01 13:13:15.396848;Orientation;0.7912060947260297;-1.507805308889764;38.801004598783024;AngularVelocity;0.0010652769383900132;-0.0010652573736806153;0.0010652612866684887;LinearAcceleration;0.24613843573329403;0.11856354823711591;9.22266535594206
Odometry;2022:06:01 13:13:15.372284;Position;0.002071851658535828;-1.6403605281169979e-06;-1.64999752264094e-73;DeltaPosition;-1.3400875380334253e-40;1.8672501533178886e-89;-7.325723821425431e-75;Orientation;-1.6547352545634765e-20;-1.5459291335728832e-25;6.508919572620564;AngularVelocity;-1.0975661427526554e-20;-1.0255047810073904e-25;9.395591021666137e-05
Odometry;2022:06:01 13:13:15.372284;Position;0.002071851658535828;-1.6403605281169979e-06;-1.64999752264094e-73;DeltaPosition;-1.3400875380334253e-40;1.8672501533178886e-89;-7.325723821425431e-75;Orientation;-1.6547352545634765e-20;-1.5459291335728832e-25;6.508919572620564;AngularVelocity;-1.0975661427526554e-20;-1.0255047810073904e-25;9.395591021666137e-05
IMU;2022:06:01 13:13:15.446736;Orientation;0.8393464282350023;-1.538582388589192;38.80276847648878;AngularVelocity;3.91293756759263e-09;2.874604448434849e-14;0.0010652651996060564;LinearAcceleration;0.2551202075732503;0.14730585422167183;9.231647272949454
Odometry;2022:06:01 13:13:15.407485;Position;0.002071851658535828;-1.6403605281169979e-06;9.300294723957376e-74;DeltaPosition;-4.079434621900201e-41;5.657350091430368e-90;-6.81989143062128e-77;Orientation;-1.3156871461992582e-22;-1.2275860752607847e-27;6.511203548785458;AngularVelocity;-6.442746378404027e-22;-6.0197441853153044e-27;0.0016481768289647073
Odometry;2022:06:01 13:13:15.432293;Position;0.002071851658535828;-1.6403605281169979e-06;-3.0374196012268444e-71;DeltaPosition;-7.384405751209625e-41;1.008941505320726e-89;-6.8197524254558526e-77;Orientation;-1.047360443621461e-21;-4.40451739565703e-27;6.513546317876719;AngularVelocity;-6.442746378404027e-22;-6.0197441853153044e-27;0.0016481768289647073
GPS;2022:06:01 13:13:15.485526;51.987237631666666;5.664366801666667;4;174038.7824531855;444352.1494986847
Odometry;2022:06:01 13:13:15.446736;Position;0.002071851658535828;-1.6403605281169979e-06;-1.6815456662585386e-72;DeltaPosition;-9.308406819193362e-41;1.266810972544544e-89;1.5376933561455312e-74;Orientation;7.272108059769409e-24;7.524268938063863e-29;6.514126406734096;AngularVelocity;3.486964647071863e-20;3.258025843663271e-25;0.0007667785474100772
Odometry;2022:06:01 13:13:15.472269;Position;0.002071851658535828;-1.6403605281169979e-06;2.0102901709929213e-72;DeltaPosition;-1.270987021019941e-40;1.7229547877448688e-89;1.5376211420827994e-74;Orientation;5.101915531736073e-20;4.765595356139509e-25;6.515248150762694;AngularVelocity;3.486964647071863e-20;3.258025843663271e-25;0.0007667785474100772
Odometry;2022:06:01 13:13:15.492282;Position;0.002071851658535828;-1.6403605281169979e-06;2.3378112323329244e-68;DeltaPosition;-1.5376016830126293e-40;2.0804909865211256e-89;1.5375645390102004e-74;Orientation;9.10034633593262e-20;6.722122965583197e-26;6.516127399987655;AngularVelocity;3.486964647071863e-20;3.258025843663271e-25;0.0007667785474100772
IMU;2022:06:01 13:13:15.496596;Orientation;0.8866565713235597;-1.5706126373172955;38.80452676767491;AngularVelocity;3.91293756759263e-09;2.874604448434849e-14;0.0010652651996060564;LinearAcceleration;0.25512010199710766;0.14730585422089623;9.202905032949648
Odometry;2022:06:01 13:13:15.506432;Position;0.002071851658535828;-1.6403605281169979e-06;-3.6842006924232316e-74;DeltaPosition;-3.830835810508925e-41;5.363260785290235e-90;2.198854335354641e-76;Orientation;6.308113159708584e-23;5.8731507102516445e-28;6.51676803217886;AngularVelocity;3.3352467442033947e-22;3.1162697968821127e-27;0.0007754648215930091
Odometry;2022:06:01 13:13:15.532300;Position;0.002071851658535828;-1.6403605281169979e-06;1.4412032106598884e-71;DeltaPosition;-7.067432448129619e-41;9.705171555375361e-90;2.1983693178831945e-76;Orientation;5.574014097464014e-22;3.9405944711398546e-27;6.517917356398911;AngularVelocity;3.3352467442033947e-22;3.1162697968821127e-27;0.0007754648215930091
IMU;2022:06:01 13:13:15.549453;Orientation;0.9313438408465894;-1.5295478592814065;38.80009339831965;AngularVelocity;-3.91293756759263e-09;-2.874604448434849e-14;-0.0010652651996060564;LinearAcceleration;0.24613811240635716;0.1473057882355162;9.192126725942266
Odometry;2022:06:01 13:13:15.549453;Position;0.002071851658535828;-1.6403605281169979e-06;-2.7316366001765576e-72;DeltaPosition;-9.21366858083613e-41;1.2585947933570612e-89;2.8217451632852787e-74;Orientation;1.654608668362693e-23;1.5639780088966862e-28;6.516385228766895;AngularVelocity;7.068164116874599e-20;6.604099486974909e-25;-0.001670220458901004
Odometry;2022:06:01 13:13:15.572306;Position;0.002071851658535828;-1.6403605281169979e-06;3.908474045383874e-72;DeltaPosition;-1.2073079417134429e-40;1.6421887788000446e-89;2.8216371473583385e-74;Orientation;9.256625617221228e-20;8.655209819366345e-25;6.514198261731407;AngularVelocity;7.068164116874599e-20;6.604099486974909e-25;-0.001670220458901004
GPS;2022:06:01 13:13:15.580000;51.987237631666666;5.664366801666667;4;174038.7824531855;444352.1494986847
IMU;2022:06:01 13:13:15.597504;Orientation;0.8787259438450957;-1.5160072921945074;38.8014440316811;AngularVelocity;7.825875135220945e-09;-0.0010652651995844966;-4.511573608179229e-25;LinearAcceleration;0.23536002315005952;0.1185634690544757;9.202905105533246
Odometry;2022:06:01 13:13:15.572306;Position;0.002071851658535828;-1.6403605281169979e-06;3.908474045383874e-72;DeltaPosition;-1.2073079417134429e-40;1.6421887788000446e-89;2.8216371473583385e-74;Orientation;9.256625617221228e-20;8.655209819366345e-25;6.514198261731407;AngularVelocity;7.068164116874599e-20;6.604099486974909e-25;-0.001670220458901004
Odometry;2022:06:01 13:13:15.605221;Position;0.002071851658535828;-1.6403605281169979e-06;6.424099845090868e-74;DeltaPosition;-3.5972938176941446e-41;4.2484045080394905e-90;-5.13520794365128e-76;Orientation;-8.972382569836988e-23;-8.365080451366688e-28;6.513395709339366;AngularVelocity;-6.060446609627126e-22;-5.6625457459919744e-27;0.0004065351973282399
IMU;2022:06:01 13:13:15.648342;Orientation;0.8971366184435261;-1.463793916976838;38.80091777062878;AngularVelocity;7.825875135220945e-09;-0.0010652651995844966;-4.511573608179229e-25;LinearAcceleration;0.19583916601401816;0.15628736871906543;9.202905250700443
Odometry;2022:06:01 13:13:15.632311;Position;0.002071851658535828;-1.6403605281169979e-06;-2.0460052053899557e-71;DeltaPosition;-6.781250088666969e-41;8.501557675042062e-90;-5.135441250216338e-76;Orientation;-1.0304024029538516e-21;-8.637544526348088e-27;6.514026717209999;AngularVelocity;-6.060446609627126e-22;-5.6625457459919744e-27;0.0004065351973282399
Odometry;2022:06:01 13:13:15.648342;Position;0.002071851658535828;-1.6403605281169979e-06;-1.257331520747478e-72;DeltaPosition;-8.665423639031878e-41;1.1017230639150044e-89;1.2683141192496197e-74;Orientation;1.1417001937828013e-23;1.0529390109662344e-28;6.513657446200021;AngularVelocity;5.299268803424682e-20;4.95134208093197e-25;-0.0004535649904881668
GPS;2022:06:01 13:13:15.688054;51.987237631666666;5.664366801666667;4;174038.7824531855;444352.1494986847
IMU;2022:06:01 13:13:15.699245;Orientation;0.8886617664620583;-1.4056741275660782;38.804156103456684;AngularVelocity;-0.0010652612866397428;-7.825846389123668e-09;0.0010652691125436241;LinearAcceleration;0.15631873118254735;0.13652678838520638;9.202905395867639
Odometry;2022:06:01 13:13:15.672279;Position;0.002071851658535828;-1.6403605281169979e-06;3.1735965408052506e-72;DeltaPosition;-1.1478737977365252e-40;1.4775256943683311e-89;1.2682537432729987e-74;Orientation;7.268954604899758e-20;6.79293268786935e-25;6.513035393306826;AngularVelocity;5.299268803424682e-20;4.95134208093197e-25;-0.0004535649904881668
Odometry;2022:06:01 13:13:15.672279;Position;0.002071851658535828;-1.6403605281169979e-06;3.1735965408052506e-72;DeltaPosition;-1.1478737977365252e-40;1.4775256943683311e-89;1.2682537432729987e-74;Orientation;7.268954604899758e-20;6.79293268786935e-25;6.513035393306826;AngularVelocity;5.299268803424682e-20;4.95134208093197e-25;-0.0004535649904881668
Odometry;2022:06:01 13:13:15.699245;Position;0.002071851658535828;-1.6403605281169979e-06;9.987013080012997e-72;DeltaPosition;-1.4648066964083311e-40;1.7190774253106255e-89;-1.2670127003463529e-73;Orientation;4.536292952919971e-23;3.3683320967616795e-28;6.5132449147391815;AngularVelocity;3.1188697540369303e-20;2.9140986540688046e-25;0.0007988194167122577
Odometry;2022:06:01 13:13:15.714982;Position;0.002071851658535828;-1.6403605281169979e-06;-2.0062777087398378e-74;DeltaPosition;-3.4204139481621337e-41;4.272068896014262e-90;-1.0375871023039051e-76;Orientation;5.928700833112472e-23;5.525577075344036e-28;6.513965179441862;AngularVelocity;1.963176587743896e-22;1.834283155889747e-27;0.0007905230742344792
IMU;2022:06:01 13:13:15.750254;Orientation;0.9436160397341979;-1.4110924640996185;38.80895308312105;AngularVelocity;-0.0010652573737021751;-7.825817643079182e-09;0.0021305343121496806;LinearAcceleration;0.22637779601298808;0.15628759306836856;9.202905138525791
GPS;2022:06:01 13:13:15.778372;51.987237631666666;5.664366801666667;4;174038.7824531855;444352.1494986847
Odometry;2022:06:01 13:13:15.750254;Position;0.002071851658535828;-1.6403605281169979e-06;4.1032653155239144e-75;DeltaPosition;-7.288849741592446e-41;9.443409900645824e-90;-1.3911023959705354e-79;Orientation;3.58325298101292e-25;2.3013411679174507e-30;6.516108169103796;AngularVelocity;5.3656498334724335e-20;5.013364822379035e-25;0.0016711784662634974
Odometry;2022:06:01 13:13:15.772263;Position;0.002071851658535828;-1.6403605281169979e-06;7.920646405666375e-74;DeltaPosition;-9.702654103863733e-41;1.2670200454070003e-89;-1.392200412612894e-79;Orientation;6.766210658650802e-20;6.321828711300101e-25;6.518215553301297;AngularVelocity;5.3656498334724335e-20;5.013364822379035e-25;0.0016711784662634974
IMU;2022:06:01 13:13:15.801001;Orientation;0.9748836493208741;-1.4620083611143138;38.808245469234485;AngularVelocity;0.0010652651995773103;7.825875135168151e-09;-3.912937567710899e-09;LinearAcceleration;0.23535977900522967;0.15628765905370007;9.211887055533184
Odometry;2022:06:01 13:13:15.792269;Position;0.002071851658535828;-1.6403605281169979e-06;2.3840213289831726e-68;DeltaPosition;-1.1896864815966524e-40;1.560343668012985e-89;-1.3931985381927413e-79;Orientation;1.2916838903670243e-19;-1.0553984428435772e-24;6.520131220143628;AngularVelocity;5.3656498334724335e-20;5.013364822379035e-25;0.0016711784662634974
Odometry;2022:06:01 13:13:15.801001;Position;0.002071851658535828;-1.6403605281169979e-06;-1.2757747288372083e-71;DeltaPosition;-1.2854468847458627e-40;1.979214469160076e-89;2.0298367057488333e-73;Orientation;3.356720338861907e-23;-9.466141208443225e-29;6.519484928183171;AngularVelocity;-5.219050864009421e-21;-4.876387030244488e-26;4.510930337653833e-05
Odometry;2022:06:01 13:13:15.814964;Position;0.002071851658535828;-1.6403605281169979e-06;-1.4584018996125952e-74;DeltaPosition;-3.160559040719623e-41;4.829613979866785e-90;3.7139774776373954e-76;Orientation;-9.817043571404275e-24;-9.274654235322451e-29;6.519521016889128;AngularVelocity;-3.6979862357499226e-23;-3.4551899455336693e-28;4.46931128806921e-05
IMU;2022:06:01 13:13:15.851988;Orientation;0.9462495002983676;-1.409453301425841;38.81199412252258;AngularVelocity;-0.0010652612866397428;-7.825846389123668e-09;0.0010652691125436241;LinearAcceleration;0.21559966716563692;0.1473055638875704;9.242425758116578
Odometry;2022:06:01 13:13:15.852272;Position;0.002071851658535828;-1.6403605281169979e-06;-3.0827040924597826e-72;DeltaPosition;-7.000296582393292e-41;9.98744063548018e-90;3.712620771958141e-76;Orientation;-8.886430992814544e-23;-8.149507249158706e-28;6.519616551814706;AngularVelocity;-3.6979862357499226e-23;-3.4551899455336693e-28;4.46931128806921e-05
Odometry;2022:06:01 13:13:15.852272;Position;0.002071851658535828;-1.6403605281169979e-06;-6.880198726890999e-76;DeltaPosition;-7.000296582393292e-41;9.987332465387711e-90;1.414116181604917e-79;Orientation;-1.3473081833851795e-26;-7.781207855038715e-32;6.520155826197976;AngularVelocity;1.0334409651336806e-20;9.655897685087005e-26;0.0009768016533900485
GPS;2022:06:01 13:13:15.884883;51.987237631666666;5.664366801666667;4;174038.7824531855;444352.1494986847
Odometry;2022:06:01 13:13:15.892294;Position;0.002071851658535828;-1.6403605281169979e-06;-5.612362612953031e-75;DeltaPosition;-1.1119426069679796e-40;1.5520456358790484e-89;1.4131556381243283e-79;Orientation;2.3697956373542643e-20;2.214211007874744e-25;6.5223957428365775;AngularVelocity;1.0334409651336806e-20;9.655897685087005e-26;0.0009768016533900485
IMU;2022:06:01 13:13:15.901842;Orientation;0.9653794791611429;-1.356885474643332;38.814499026050484;AngularVelocity;-0.0010652612866397428;-7.825846389123668e-09;0.0010652691125436241;LinearAcceleration;0.2155995285969497;0.1562875138867948;9.222665468116713
Odometry;2022:06:01 13:13:15.901842;Position;0.002071851658535828;-1.6403605281169979e-06;-1.3576699024826574e-72;DeltaPosition;-1.210205829013175e-40;1.6871598690532015e-89;1.0477362910666758e-74;Orientation;1.6879755501698045e-23;1.0776708474629099e-28;6.522752343526958;AngularVelocity;5.734130272363359e-20;5.357652519775547e-25;0.000574652972783431
IMU;2022:06:01 13:13:15.952715;Orientation;0.9113374203839195;-1.348480475204441;38.815795991448226;AngularVelocity;0.0010652730254524455;-0.0010652573737093614;-3.9129375677109e-09;LinearAcceleration;0.21559948240738727;0.1473055638862131;9.192126838116918
Odometry;2022:06:01 13:13:15.913869;Position;0.002071851658535828;-1.6403605281169979e-06;-3.420072564629335e-74;DeltaPosition;-2.960403705979709e-41;4.117584973557834e-90;3.071732473814177e-77;Orientation;1.0866001621865155e-22;1.0147996019162774e-27;6.523148341333491;AngularVelocity;4.708919059022484e-22;4.399752162074505e-27;0.0005700800834902431
Odometry;2022:06:01 13:13:15.952288;Position;0.002071851658535828;-1.6403605281169979e-06;3.2748022194717136e-71;DeltaPosition;-6.674881483157182e-41;9.097123363397563e-90;3.0708708528063528e-77;Orientation;1.1452094237180776e-21;8.319878912616367e-27;6.524403228421908;AngularVelocity;4.708919059022484e-22;4.399752162074505e-27;0.0005700800834902431
GPS;2022:06:01 13:13:15.978380;51.987237631666666;5.664366801666667;4;174038.7824531855;444352.1494986847
Odometry;2022:06:01 13:13:15.952715;Position;0.002071851658535828;-1.6403605281169979e-06;8.206947824119171e-75;DeltaPosition;-6.716166008504082e-41;9.152467376619273e-90;-3.65739754596974e-78;Orientation;-9.903720445632155e-26;-1.9273111017880537e-30;6.524322103811537;AngularVelocity;-4.60977989146422e-20;-4.307121982135751e-25;0.0003945976337865668
Odometry;2022:06:01 13:13:15.992275;Position;0.002071851658535828;-1.6403605281169979e-06;-1.0661600910743669e-73;DeltaPosition;-1.0540989415405515e-40;1.4279932391414418e-89;-3.6577808480588833e-78;Orientation;-1.0448717972781697e-19;-9.762695583278576e-25;6.525216514299078;AngularVelocity;-4.60977989146422e-20;-4.307121982135751e-25;0.0003945976337865668
IMU;2022:06:01 13:13:16.002604;Orientation;0.9097090019081605;-1.4087518528890741;38.815715107044;AngularVelocity;-0.0010652573737021751;-0.0010652730254596318;3.912937567710898e-09;LinearAcceleration;0.2551202075732503;0.14730585422167183;9.231647272949454
Odometry;2022:06:01 13:13:16.002604;Position;0.002071851658535828;-1.6403605281169979e-06;3.322760570208528e-73;DeltaPosition;-1.1539586245418395e-40;1.5655428299262096e-89;-2.7241940333275405e-75;Orientation;-4.236637585857685e-23;-2.7906191463185594e-28;6.525408367948654;AngularVelocity;-3.578859926376634e-20;-3.3438878624048507e-25;0.0003058727316882047
Odometry;2022:06:01 13:13:16.012912;Position;0.002071851658535828;-1.6403605281169979e-06;1.6775703738063195e-74;DeltaPosition;-2.7811419770512734e-41;3.8296767237153554e-90;-5.467656391903901e-77;Orientation;-6.783241542035395e-23;-6.3298297393639225e-28;6.525589017292381;AngularVelocity;-3.4221221473196573e-22;-3.1974407911449035e-27;0.0003037841154783454
IMU;2022:06:01 13:13:16.052650;Orientation;0.9662824556141266;-1.4022844051984404;38.81733221599268;AngularVelocity;1.1738812702813575e-08;-0.0010652651995557505;0.0010652651996060564;LinearAcceleration;0.22637800716527337;0.1473056430696774;9.242425718525524
Odometry;2022:06:01 13:13:16.052279;Position;0.002071851658535828;-1.6403605281169979e-06;-1.9853762511199435e-71;DeltaPosition;-6.356532197995584e-41;8.62196741876313e-90;-5.465978545403311e-77;Orientation;-8.397175094901259e-22;-7.033831755908441e-27;6.526274224951418;AngularVelocity;-3.4221221473196573e-22;-3.1974407911449035e-27;0.0003037841154783454
Odometry;2022:06:01 13:13:16.052650;Position;0.002071851658535828;-1.6403605281169979e-06;-5.338321180498394e-75;DeltaPosition;-6.390203462143456e-41;8.667097836005792e-90;2.074757995767903e-78;Orientation;3.47091603978011e-25;3.687327804006123e-30;6.526390050990711;AngularVelocity;6.252902832964358e-20;5.842364685195812e-25;0.0005300294670939832
GPS;2022:06:01 13:13:16.094249;51.987237631666666;5.664366801666667;4;174038.7824531855;444352.1494986847
IMU;2022:06:01 13:13:16.103473;Orientation;0.9246042949610683;-1.361496694357462;38.82143799957491;AngularVelocity;3.91293756759263e-09;2.874604448434849e-14;0.0010652651996060564;LinearAcceleration;0.20661761158979722;0.1365271579014148;9.192126871109462
Odometry;2022:06:01 13:13:16.092262;Position;0.002071851658535828;-1.6403605281169979e-06;2.0342531015703285e-73;DeltaPosition;-9.987875181999768e-41;1.3489253608757976e-89;2.0750285596500318e-78;Orientation;1.4191816068872328e-19;1.3259975300697987e-24;6.5275930222365695;AngularVelocity;6.252902832964358e-20;5.842364685195812e-25;0.0005300294670939832
Odometry;2022:06:01 13:13:16.111637;Position;0.002071851658535828;-1.6403605281169979e-06;5.864621574416886e-75;DeltaPosition;-2.611495542200102e-41;3.539339729001948e-90;9.42069597494358e-78;Orientation;-2.337247305371416e-23;-2.2239714278830706e-28;6.5288039103146644;AngularVelocity;-1.5021333115605399e-22;-1.4035088430000549e-27;0.0011663152379192518
Odometry;2022:06:01 13:13:16.132456;Position;0.002071851658535828;-1.6403605281169979e-06;-2.8223636993446055e-72;DeltaPosition;-4.3880392828832813e-41;5.9198186148456794e-90;9.419067087219589e-78;Orientation;-2.0255673104294836e-22;-1.3290633228668527e-27;6.530195167194952;AngularVelocity;-1.5021333115605399e-22;-1.4035088430000549e-27;0.0011663152379192518
IMU;2022:06:01 13:13:16.153349;Orientation;0.9082537145142908;-1.3097338690356501;38.82481300963685;AngularVelocity;1.1738812702813575e-08;-0.0010652651995557505;0.0010652651996060564;LinearAcceleration;0.21559952199844076;0.14730556388650395;9.202905178116845
Odometry;2022:06:01 13:13:16.132456;Position;0.002071851658535828;-1.6403605281169979e-06;-2.8223636993446055e-72;DeltaPosition;-4.3880392828832813e-41;5.9198186148456794e-90;9.419067087219589e-78;Orientation;-2.0255673104294836e-22;-1.3290633228668527e-27;6.530195167194952;AngularVelocity;-1.5021333115605399e-22;-1.4035088430000549e-27;0.0011663152379192518
Odometry;2022:06:01 13:13:16.153349;Position;0.002071851658535828;-1.6403605281169979e-06;-7.943146934873833e-73;DeltaPosition;-6.170849132977846e-41;8.30853038574448e-90;8.295508401363195e-75;Orientation;4.828614377245439e-24;4.6460554317562707e-29;6.531344573071534;AngularVelocity;2.0593626643237678e-20;1.9241539495989515e-25;0.0008889980542669493
GPS;2022:06:01 13:13:16.180025;51.987237631666666;5.664366801666667;4;174038.7824531855;444352.1494986847
Odometry;2022:06:01 13:13:16.192269;Position;0.002071851658535828;-1.6403605281169979e-06;1.6775759443351623e-72;DeltaPosition;-9.491927810034333e-41;1.2758603451150902e-89;8.295530543876778e-75;Orientation;4.5927534471759636e-20;4.289556170537832e-25;6.5333269920432455;AngularVelocity;2.0593626643237678e-20;1.9241539495989515e-25;0.0008889980542669493
IMU;2022:06:01 13:13:16.203237;Orientation;0.8958293809927574;-1.2563731837111949;38.82497336981034;AngularVelocity;-0.0010652573737021751;-0.0010652730254596318;3.912937567710898e-09;LinearAcceleration;0.15631873118254735;0.13652678838520638;9.202905395867639
Odometry;2022:06:01 13:13:16.210628;Position;0.002071851658535828;-1.6403605281169979e-06;-1.0625531620290182e-74;DeltaPosition;-2.454051042112767e-41;3.334572845729077e-90;7.527534931218995e-77;Orientation;5.2712609040957006e-23;4.926742549901869e-28;6.533231278325287;AngularVelocity;3.7029393725339025e-22;3.459820631965819e-27;-0.00023759951766036118
Odometry;2022:06:01 13:13:16.232304;Position;0.002071851658535828;-1.6403605281169979e-06;6.182532787845764e-72;DeltaPosition;-4.1913992227907806e-41;5.662743818682722e-90;7.526235573860065e-77;Orientation;5.125980376657148e-22;5.061069612668279e-27;6.532936192327306;AngularVelocity;3.7029393725339025e-22;3.459820631965819e-27;-0.00023759951766036118
Odometry;2022:06:01 13:13:16.232304;Position;0.002071851658535828;-1.6403605281169979e-06;6.182532787845764e-72;DeltaPosition;-4.1913992227907806e-41;5.662743818682722e-90;7.526235573860065e-77;Orientation;5.125980376657148e-22;5.061069612668279e-27;6.532936192327306;AngularVelocity;3.7029393725339025e-22;3.459820631965819e-27;-0.00023759951766036118
IMU;2022:06:01 13:13:16.255116;Orientation;0.8801388351753391;-1.3169392025627018;38.82527619990803;AngularVelocity;7.825875135220945e-09;-0.0010652651995844966;-4.511573608179229e-25;LinearAcceleration;0.2263779411801842;0.1365273030689018;9.202905138525791
GPS;2022:06:01 13:13:16.284872;51.987237631666666;5.664366801666667;4;174038.7824531855;444352.1494986847
Odometry;2022:06:01 13:13:16.255116;Position;0.002071851658535828;-1.6403605281169979e-06;2.4162589491612217e-73;DeltaPosition;-6.01984180684435e-41;8.112840828566332e-90;-2.689392485042938e-75;Orientation;-1.1448510591721918e-23;-1.077500193536612e-28;6.5332216878234775;AngularVelocity;-4.8909463617428143e-20;-4.5698282954748435e-25;0.00041859981917512543
Odometry;2022:06:01 13:13:16.292314;Position;0.002071851658535828;-1.6403605281169979e-06;-5.01240471489877e-72;DeltaPosition;-9.001267802281929e-41;1.2108161153918499e-89;-2.68942658867367e-75;Orientation;-1.042511401021622e-19;-9.738871958784685e-25;6.534113840646751;AngularVelocity;-4.8909463617428143e-20;-4.5698282954748435e-25;0.00041859981917512543
IMU;2022:06:01 13:13:16.305098;Orientation;0.8465290224420104;-1.3703173689859662;38.828926703808456;AngularVelocity;-0.002130518660341918;-0.001065280851306021;0.0010652730254811919;LinearAcceleration;0.23535995716497038;0.1275454190542333;9.202905105533246
Odometry;2022:06:01 13:13:16.309659;Position;0.002071851658535828;-1.6403605281169979e-06;2.7910369898595406e-74;DeltaPosition;-2.305115093357958e-41;3.1082950533178223e-90;-1.3645740261385656e-77;Orientation;-1.0815874716504253e-22;-1.0040319402153107e-27;6.535449486780631;AngularVelocity;-1.224201166248773e-21;-1.1438256914530104e-26;0.0015537263746025287
Odometry;2022:06:01 13:13:16.332297;Position;0.002071851658535828;-1.6403605281169979e-06;-1.2496318444489918e-71;DeltaPosition;-4.0092569289200087e-41;5.391653190892759e-90;-1.3643344972148587e-77;Orientation;-1.695979002592979e-21;-1.203555485802201e-26;6.5374647096679706;AngularVelocity;-1.224201166248773e-21;-1.1438256914530104e-26;0.0015537263746025287
IMU;2022:06:01 13:13:16.354986;Orientation;0.8450279773158825;-1.4305401522248506;38.831889298292545;AngularVelocity;-0.0010652534607646074;-0.0010652730254308857;0.0010652691125436241;LinearAcceleration;0.23536003634707736;0.13652736905505738;9.242425685532979
GPS;2022:06:01 13:13:16.380093;51.987237631666666;5.664366801666667;4;174038.7824531855;444352.1494986847
Odometry;2022:06:01 13:13:16.332297;Position;0.002071851658535828;-1.6403605281169979e-06;-1.2496318444489918e-71;DeltaPosition;-4.0092569289200087e-41;5.391653190892759e-90;-1.3643344972148587e-77;Orientation;-1.695979002592979e-21;-1.203555485802201e-26;6.5374647096679706;AngularVelocity;-1.224201166248773e-21;-1.1438256914530104e-26;0.0015537263746025287
Odometry;2022:06:01 13:13:16.354986;Position;0.002071851658535828;-1.6403605281169979e-06;1.7321235208440415e-72;DeltaPosition;-5.717293515064662e-41;7.683623430687763e-90;-1.965462194564695e-74;Orientation;-8.791922966353105e-24;-5.926144210189235e-29;6.5393128884964815;AngularVelocity;-3.2826283991646974e-20;-3.0671054731746464e-25;0.0013461986526713955
IMU;2022:06:01 13:13:16.404864;Orientation;0.8920711332957814;-1.398108725550735;38.83377120396635;AngularVelocity;3.91293756759263e-09;2.874604448434849e-14;0.0010652651996060564;LinearAcceleration;0.21559956158949425;0.15628751388703718;9.231647418116651
Odometry;2022:06:01 13:13:16.392269;Position;0.002071851658535828;-1.6403605281169979e-06;-1.0144658094074803e-72;DeltaPosition;-8.523954884212524e-41;1.1444325956426266e-89;-1.965466798186389e-74;Orientation;-7.013083321587792e-20;-6.547993610078623e-25;6.542188577914604;AngularVelocity;-3.2826283991646974e-20;-3.0671054731746464e-25;0.0013461986526713955
Odometry;2022:06:01 13:13:16.408488;Position;0.002071851658535828;-1.6403605281169979e-06;-1.628852409168039e-74;DeltaPosition;-2.1644807014686923e-41;2.92076559515188e-90;-3.3700939555630456e-77;Orientation;1.240741945815539e-22;1.161384212926e-27;6.542802103163844;AngularVelocity;1.7703221843120254e-21;1.6540905113774118e-26;0.0004920607657612813
IMU;2022:06:01 13:13:16.456730;Orientation;0.9465823608732508;-1.4153992614923034;38.83547078370168;AngularVelocity;-0.0010652534607646074;-0.0010652730254308857;0.0010652691125436241;LinearAcceleration;0.226378112741416;0.147305643070453;9.27116795852533
Odometry;2022:06:01 13:13:16.432296;Position;0.002071851658535828;-1.6403605281169979e-06;1.449211600309236e-71;DeltaPosition;-3.8480925982047973e-41;5.17672295801676e-90;-3.3694394481126425e-77;Orientation;2.539039802095242e-21;2.227190779574428e-26;6.543473342465166;AngularVelocity;1.7703221843120254e-21;1.6540905113774118e-26;0.0004920607657612813
Odometry;2022:06:01 13:13:16.452299;Position;0.002071851658535828;-1.6403605281169979e-06;3.6868573836670415e-70;DeltaPosition;-5.262558578922685e-41;7.072037994640416e-90;-3.3688895716687206e-77;Orientation;4.5679436744210255e-21;1.6238366132977082e-26;6.544037275969368;AngularVelocity;1.7703221843120254e-21;1.6540905113774118e-26;0.0004920607657612813
Odometry;2022:06:01 13:13:16.456730;Position;0.002071851658535828;-1.6403605281169979e-06;-1.052041868125197e-72;DeltaPosition;-5.575910244865718e-41;7.496136157017027e-90;1.4633890045374715e-74;Orientation;1.4193931703017462e-23;9.759212065022682e-29;6.544322642707023;AngularVelocity;4.6901928432193873e-20;4.382255403083547e-25;0.0006639050697439034
GPS;2022:06:01 13:13:16.487021;51.987237631666666;5.664366801666667;4;174038.7824531855;444352.1494986847
IMU;2022:06:01 13:13:16.506603;Orientation;0.8909993591482778;-1.4327566673885848;38.84288719756177;AngularVelocity;1.5651750270406206e-08;-0.0010652651995270046;0.002130530399212113;LinearAcceleration;0.2353600561426041;0.11856346905471808;9.211887055533184
Odometry;2022:06:01 13:13:16.492260;Position;0.002071851658535828;-1.6403605281169979e-06;3.0832278398489095e-72;DeltaPosition;-8.088405242022746e-41;1.0862858615948059e-89;1.4632351916388083e-74;Orientation;9.54942263857114e-20;8.9187510811402e-25;6.545674179407634;AngularVelocity;4.6901928432193873e-20;4.382255403083547e-25;0.0006639050697439034
Odometry;2022:06:01 13:13:16.507479;Position;0.002071851658535828;-1.6403605281169979e-06;1.0307468191450015e-73;DeltaPosition;-2.033535134766471e-41;2.5720574678685407e-90;-1.3612062263894506e-75;Orientation;-1.1188373080906908e-22;-1.0820460798592668e-27;6.547542996626254;AngularVelocity;-6.391063609556081e-21;-5.971452750342848e-26;0.0026905753533531173
Odometry;2022:06:01 13:13:16.532336;Position;0.002071851658535828;-1.6403605281169979e-06;-1.331789000980652e-71;DeltaPosition;-3.6844654022277657e-41;4.781080185285721e-90;-1.3609522323946278e-75;Orientation;-9.213973025812501e-21;-7.864419862833223e-26;6.551374887312546;AngularVelocity;-6.391063609556081e-21;-5.971452750342848e-26;0.0026905753533531173
Odometry;2022:06:01 13:13:16.532336;Position;0.002071851658535828;-1.6403605281169979e-06;-1.331789000980652e-71;DeltaPosition;-3.6844654022277657e-41;4.781080185285721e-90;-1.3609522323946278e-75;Orientation;-9.213973025812501e-21;-7.864419862833223e-26;6.551374887312546;AngularVelocity;-6.391063609556081e-21;-5.971452750342848e-26;0.0026905753533531173
IMU;2022:06:01 13:13:16.556591;Orientation;0.8910040470736682;-1.3755704646015634;38.84586053750001;AngularVelocity;-0.0010652612866397428;-7.825846389123668e-09;0.0010652691125436241;LinearAcceleration;0.15631879716763653;0.14730512838598198;9.242425975867372
GPS;2022:06:01 13:13:16.580017;51.98723762;5.664366695;4;174038.77513107934;444352.14817271184
Odometry;2022:06:01 13:13:16.556591;Position;0.002071851658535828;-1.6403605281169979e-06;-2.600152766374326e-72;DeltaPosition;-5.295411794022776e-41;6.9066351597508505e-90;3.1958547648950242e-74;Orientation;4.8252671600708406e-24;1.721886607006094e-28;6.553661051032088;AngularVelocity;3.93139826254127e-20;3.673279636859048e-25;0.0007287765242473054
Odometry;2022:06:01 13:13:16.592263;Position;0.002071851658535828;-1.6403605281169979e-06;4.3479182016632633e-72;DeltaPosition;-7.664689996424785e-41;1.0076060529619046e-89;3.195843247028551e-74;Orientation;8.035786714533804e-20;7.508208279538591e-25;6.555150582406476;AngularVelocity;3.93139826254127e-20;3.673279636859048e-25;0.0007287765242473054
IMU;2022:06:01 13:13:16.607481;Orientation;0.8731771269443009;-1.4351645785202054;38.84617491966703;AngularVelocity;-0.0010652573737021751;-0.0010652730254596318;3.912937567710898e-09;LinearAcceleration;0.2461383367556603;0.13652744823687352;9.231647305942
Odometry;2022:06:01 13:13:16.607481;Position;0.002071851658535828;-1.6403605281169979e-06;-2.8018372271293815e-74;DeltaPosition;-1.982337306012503e-41;2.6734515804096563e-90;4.2945565737106086e-76;Orientation;-2.5801988109751584e-24;-2.9837075661018686e-29;6.555593745732915;AngularVelocity;-4.7695673424170014e-20;-4.456418464673977e-25;0.000423904550349248
Odometry;2022:06:01 13:13:16.632273;Position;0.002071851658535828;-1.6403605281169979e-06;-3.837990092839189e-73;DeltaPosition;-3.52914421385124e-41;4.745872344092385e-90;4.2937401395443254e-76;Orientation;-6.775501989975345e-20;-6.330438358549197e-25;6.556195908684491;AngularVelocity;-4.7695673424170014e-20;-4.456418464673977e-25;0.000423904550349248
